id,name,location,lcid,bcp47,winid,iso639_1,iso639_2,iso639_3
1,Afar,,0x1000,aa,ZZZ,aa,aar,aar
2,Afar,Djibouti,0x1000,aa-DJ,ZZZ,aa,aar,aar
3,Afar,Eritrea,0x1000,aa-ER,ZZZ,aa,aar,aar
4,Afar,Ethiopia,0x1000,aa-ET,ZZZ,aa,aar,aar
5,Afrikaans,,0x0036,af,AFK,af,afr,afr
6,Afrikaans,Namibia,0x1000,af-NA,ZZZ,af,afr,afr
7,Afrikaans,South Africa,0x0436,af-ZA,AFK,af,afr,afr
8,Aghem,,0x1000,agq,ZZZ,agq,agq,agq
9,Aghem,Cameroon,0x1000,agq-CM,ZZZ,agq,agq,agq
10,Akan,,0x1000,ak,ZZZ,ak,aka,aka
11,Akan,Ghana,0x1000,ak-GH,ZZZ,ak,aka,aka
12,Albanian,,0x001C,sq,SQI,sq,sqi,sqi
13,Albanian,Albania,0x041C,sq-AL,SQI,sq,sqi,sqi
14,Albanian,North Macedonia,0x1000,sq-MK,ZZZ,sq,sqi,sqi
15,Alsatian,,0x0084,gsw,ZZZ,gsw,gsw,gsw
16,Alsatian,France,0x0484,gsw-FR,GSW,gsw,gsw,gsw
17,Alsatian,Liechtenstein,0x1000,gsw-LI,ZZZ,gsw,gsw,gsw
18,Alsatian,Switzerland,0x1000,gsw-CH,ZZZ,gsw,gsw,gsw
19,Amharic,,0x005E,am,AMH,am,amh,amh
20,Amharic,Ethiopia,0x045E,am-ET,AMH,am,amh,amh
21,Arabic,,0x0001,ar,ARA,ar,ara,ara
22,Arabic,Algeria,0x1401,ar-DZ,ARG,ar,ara,ara
23,Arabic,Bahrain,0x3C01,ar-BH,ARH,ar,ara,ara
24,Arabic,Chad,0x1000,ar-TD,ZZZ,ar,ara,ara
25,Arabic,Comoros,0x1000,ar-KM,ZZZ,ar,ara,ara
26,Arabic,Djibouti,0x1000,ar-DJ,ZZZ,ar,ara,ara
27,Arabic,Egypt,0x0c01,ar-EG,ARE,ar,ara,ara
28,Arabic,Eritrea,0x1000,ar-ER,ZZZ,ar,ara,ara
29,Arabic,Iraq,0x0801,ar-IQ,ARI,ar,ara,ara
30,Arabic,Israel,0x1000,ar-IL,ZZZ,ar,ara,ara
31,Arabic,Jordan,0x2C01,ar-JO,ARJ,ar,ara,ara
32,Arabic,Kuwait,0x3401,ar-KW,ARK,ar,ara,ara
33,Arabic,Lebanon,0x3001,ar-LB,ARB,ar,ara,ara
34,Arabic,Libya,0x1001,ar-LY,ARL,ar,ara,ara
35,Arabic,Mauritania,0x1000,ar-MR,ZZZ,ar,ara,ara
36,Arabic,Morocco,0x1801,ar-MA,ARM,ar,ara,ara
37,Arabic,tzm-Arab-,0x2001,ar-OM,ARO,ar,ara,ara
38,Arabic,Palestinian Authority,0x1000,ar-PS,ZZZ,ar,ara,ara
39,Arabic,Qatar,0x4001,ar-QA,ARQ,ar,ara,ara
40,Arabic,Saudi Arabia,0x0401,ar-SA,ARA,ar,ara,ara
41,Arabic,Somalia,0x1000,ar-SO,ZZZ,ar,ara,ara
42,Arabic,South Sudan,0x1000,ar-SS,ZZZ,ar,ara,ara
43,Arabic,Sudan,0x1000,ar-SD,ZZZ,ar,ara,ara
44,Arabic,Syria,0x2801,ar-SY,ARS,ar,ara,ara
45,Arabic,Tunisia,0x1C01,ar-TN,ART,ar,ara,ara
46,Arabic,U.A.E.,0x3801,ar-AE,ARU,ar,ara,ara
47,Arabic,World,0x1000,ar-001,ZZZ,ar,ara,ara
48,Arabic,Yemen,0x2401,ar-YE,ARY,ar,ara,ara
49,Armenian,,0x002B,hy,HYE,hy,hye,hye
50,Armenian,Armenia,0x042B,hy-AM,HYE,hy,hye,hye
51,Assamese,,0x004D,as,ASM,as,asm,asm
52,Assamese,India,0x044D,as-IN,ASM,as,asm,asm
53,Asturian,,0x1000,ast,ZZZ,ast,ast,ast
54,Asturian,Spain,0x1000,ast-ES,ZZZ,ast,ast,ast
55,Asu,,0x1000,asa,ZZZ,asa,asa,asa
56,Asu,Tanzania,0x1000,asa-TZ,ZZZ,asa,asa,asa
57,Azerbaijani (Cyrillic),,0x742C,az-Cyrl,AZC,az,aze,aze
58,Azerbaijani (Cyrillic),Azerbaijan,0x082C,az-Cyrl-AZ,AZC,az,aze,aze
59,Azerbaijani (Latin),,0x002C,az,AZE,az,aze,aze
60,Azerbaijani (Latin),,0x782C,az-Latn,AZE,az,aze,aze
61,Azerbaijani (Latin),Azerbaijan,0x042C,az-Latn-AZ,AZE,az,aze,aze
62,Bafia,,0x1000,ksf,ZZZ,ksf,ksf,ksf
63,Bafia,Cameroon,0x1000,ksf-CM,ZZZ,ksf,ksf,ksf
64,Bamanankan,,0x1000,bm,ZZZ,bm,bam,bam
65,Bamanankan (Latin),Mali,0x1000,bm-Latn-ML,ZZZ,bm,bam,bam
66,Bangla,,0x0045,bn,BNB,bn,ben,ben
67,Bangla,Bangladesh,0x0845,bn-BD,BNB,bn,ben,ben
68,Bangla,India,0x0445,bn-IN,BNG,bn,ben,ben
69,Basaa,,0x1000,bas,ZZZ,bas,bas,bas
70,Basaa,Cameroon,0x1000,bas-CM,ZZZ,bas,bas,bas
71,Bashkir,,0x006D,ba,BAS,ba,bak,bak
72,Bashkir,Russia,0x046D,ba-RU,BAS,ba,bak,bak
73,Basque,,0x002D,eu,EUQ,eu,eus,eus
74,Basque,Spain,0x042D,eu-ES,EUQ,eu,eus,eus
75,Belarusian,,0x0023,be,BEL,be,bel,bel
76,Belarusian,Belarus,0x0423,be-BY,BEL,be,bel,bel
77,Bemba,,0x1000,bem,ZZZ,bem,bem,bem
78,Bemba,Zambia,0x1000,bem-ZM,ZZZ,bem,bem,bem
79,Bena,,0x1000,bez,ZZZ,bez,bez,bez
80,Bena,Tanzania,0x1000,bez-TZ,ZZZ,bez,bez,bez
81,Bhojpuri,,0x1000,bho,ZZZ,bho,bho,bho
82,Bhojpuri (Devanagari),,0x1000,bho-Deva,ZZZ,bho,bho,bho
83,Bhojpuri (Devanagari),India,0x1000,bho-Deva-IN,ZZZ,bho,bho,bho
84,Blin,,0x1000,byn,ZZZ,byn,byn,byn
85,Blin,Eritrea,0x1000,byn-ER,ZZZ,byn,byn,byn
86,Bodo,,0x1000,brx,ZZZ,brx,brx,brx
87,Bodo,India,0x1000,brx-IN,ZZZ,brx,brx,brx
88,Bosnian (Cyrillic),,0x641A,bs-Cyrl,BSC,bs,bos,bos
89,Bosnian (Cyrillic),Bosnia and Herzegovina,0x201A,bs-Cyrl-BA,BSC,bs,bos,bos
90,Bosnian (Latin),,0x681A,bs-Latn,BSB,bs,bos,bos
91,Bosnian (Latin),,0x781A,bs,BSB,bs,bos,bos
92,Bosnian (Latin),Bosnia and Herzegovina,0x141A,bs-Latn-BA,BSB,bs,bos,bos
93,Breton,,0x007E,br,BRE,br,bre,bre
94,Breton,France,0x047E,br-FR,BRE,br,bre,bre
95,Bulgarian,,0x0002,bg,BGR,bg,bul,bul
96,Bulgarian,Bulgaria,0x0402,bg-BG,BGR,bg,bul,bul
97,Burmese,,0x0055,my,MYA,my,mya,mya
98,Burmese,Myanmar,0x0455,my-MM,MYA,my,mya,mya
99,Catalan,,0x0003,ca,CAT,ca,cat,cat
100,Catalan,Andorra,0x1000,ca-AD,ZZZ,ca,cat,cat
101,Catalan,France,0x1000,ca-FR,ZZZ,ca,cat,cat
102,Catalan,Italy,0x1000,ca-IT,ZZZ,ca,cat,cat
103,Catalan,Spain,0x0403,ca-ES,CAT,ca,cat,cat
104,Cebuano,,0x1000,ceb,ZZZ,ceb,ceb,ceb
105,Cebuan (Latin),,0x1000,ceb-Latn,ZZZ,ceb,ceb,ceb
106,Cebuan (Latin),Philippines,0x1000,ceb-Latn-PH,ZZZ,ceb,ceb,ceb
107,Central Atlas Tamazight (Arabic),Morocco,0x045F,tzm-Arab-MA,ZZZ,tzm,tzm,tzm
108,Central Atlas Tamazight (Latin),Morocco,0x1000,tzm-Latn-MA,ZZZ,tzm,tzm,tzm
109,Central Kurdish,,0x0092,ku,KUR,ku,kur,kur
110,Central Kurdish,,0x7c92,ku-Arab,KUR,ku,kur,kur
111,Central Kurdish,Iraq,0x0492,ku-Arab-IQ,KUR,ku,kur,kur
112,Chakma,,0x1000,ccp,ZZZ,ccp,ccp,ccp
113,Chakma,Chakma,0x1000,ccp-Cakm,ZZZ,ccp,ccp,ccp
114,Chakma,Bangladesh,0x1000,ccp-Cakm-BD,ZZZ,ccp,ccp,ccp
115,Chakma,India,0x1000,ccp-Cakm-IN,ZZZ,ccp,ccp,ccp
116,Chechen,Russia,0x1000,ce-RU,ZZZ,ce,che,che
117,Cherokee,,0x005C,chr,CRE,chr,chr,chr
118,Cherokee,,0x7c5C,chr-Cher,CRE,chr,chr,chr
119,Cherokee,United States,0x045C,chr-Cher-US,CRE,chr,chr,chr
120,Chiga,,0x1000,cgg,ZZZ,cgg,cgg,cgg
121,Chiga,Uganda,0x1000,cgg-UG,ZZZ,cgg,cgg,cgg
122,Chinese (Simplified),,0x0004,zh-Hans,CHS,zh,zho,zho
123,Chinese (Simplified),,0x7804,zh,CHS,zh,zho,zho
124,Chinese (Simplified),People's Republic of China,0x0804,zh-CN,CHS,zh,zho,zho
125,Chinese (Simplified),Singapore,0x1004,zh-SG,ZHI,zh,zho,zho
126,Chinese (Traditional),,0x7C04,zh-Hant,ZHH,zh,zho,zho
127,Chinese (Traditional),Hong Kong S.A.R.,0x0C04,zh-HK,ZHH,zh,zho,zho
128,Chinese (Traditional),Macao S.A.R.,0x1404,zh-MO,ZHM,zh,zho,zho
129,Chinese (Traditional),Taiwan,0x0404,zh-TW,CHT,zh,zho,zho
130,Church Slavic,Russia,0x1000,cu-RU,ZZZ,cu,chu,chu
131,Chuvash,,0x1000,cv,ZZZ,cv,chv,chv
132,Chuvash (Cyrillic),,0x1000,cv-Cyrl,ZZZ,cv,chv,chv
133,Chuvash (Cyrillic),Russia,0x1000,cv-Cyrl-RU,ZZZ,cv,chv,chv
134,Congo Swahili,,0x1000,swc,ZZZ,swc,swc,swc
135,Congo Swahili,Congo DRC,0x1000,swc-CD,ZZZ,swc,swc,swc
136,Cornish,,0x1000,kw,ZZZ,kw,cor,cor
137,Cornish,United Kingdom,0x1000,kw-GB,ZZZ,kw,cor,cor
138,Corsican,,0x0083,co,COS,co,cos,cos
139,Corsican,France,0x0483,co-FR,COS,co,cos,cos
140,Croatian,,0x001A,hr,HRV,hr,hrv,hrv
141,Croatian,Croatia,0x041A,hr-HR,HRV,hr,hrv,hrv
142,Croatian (Latin),Bosnia and Herzegovina,0x101A,hr-BA,HRB,hr,hrv,hrv
143,Czech,,0x0005,cs,CSY,cs,ces,ces
144,Czech,Czech Republic,0x0405,cs-CZ,CSY,cs,ces,ces
145,Danish,,0x0006,da,DAN,da,dan,dan
146,Danish,Denmark,0x0406,da-DK,DAN,da,dan,dan
147,Danish,Greenland,0x1000,da-GL,ZZZ,da,dan,dan
148,Dari,,0x008C,prs,PRS,prs,prs,prs
149,Dari,Afghanistan,0x048C,prs-AF,PRS,prs,prs,prs
150,Divehi,,0x0065,dv,DIV,dv,div,div
151,Divehi,Maldives,0x0465,dv-MV,DIV,dv,div,div
152,Duala,,0x1000,dua,ZZZ,dua,dua,dua
153,Duala,Cameroon,0x1000,dua-CM,ZZZ,dua,dua,dua
154,Dutch,,0x0013,nl,NLD,nl,nld,nld
155,Dutch,Aruba,0x1000,nl-AW,ZZZ,nl,nld,nld
156,Dutch,Belgium,0x0813,nl-BE,NLB,nl,nld,nld
157,Dutch,"Bonaire, Sint Eustatius and Saba",0x1000,nl-BQ,ZZZ,nl,nld,nld
158,Dutch,Curaçao,0x1000,nl-CW,ZZZ,nl,nld,nld
159,Dutch,Netherlands,0x0413,nl-NL,NLD,nl,nld,nld
160,Dutch,Sint Maarten,0x1000,nl-SX,ZZZ,nl,nld,nld
161,Dutch,Suriname,0x1000,nl-SR,ZZZ,nl,nld,nld
162,Dzongkha,,0x1000,dz,ZZZ,dz,dzo,dzo
163,Dzongkha,Bhutan,0x0C51,dz-BT,ZZZ,dz,dzo,dzo
164,Embu,,0x1000,ebu,ZZZ,ebu,ebu,ebu
165,Embu,Kenya,0x1000,ebu-KE,ZZZ,ebu,ebu,ebu
166,English,,0x0009,en,ENU,en,eng,eng
167,English,American Samoa,0x1000,en-AS,ZZZ,en,eng,eng
168,English,Anguilla,0x1000,en-AI,ZZZ,en,eng,eng
169,English,Antigua and Barbuda,0x1000,en-AG,ZZZ,en,eng,eng
170,English,Australia,0x0C09,en-AU,ENA,en,eng,eng
171,English,Austria,0x1000,en-AT,ZZZ,en,eng,eng
172,English,Bahamas,0x1000,en-BS,ZZZ,en,eng,eng
173,English,Barbados,0x1000,en-BB,ZZZ,en,eng,eng
174,English,Belgium,0x1000,en-BE,ZZZ,en,eng,eng
175,English,Belize,0x2809,en-BZ,ENL,en,eng,eng
176,English,Bermuda,0x1000,en-BM,ZZZ,en,eng,eng
177,English,Botswana,0x1000,en-BW,ZZZ,en,eng,eng
178,English,British Indian Ocean Territory,0x1000,en-IO,ZZZ,en,eng,eng
179,English,British Virgin Islands,0x1000,en-VG,ZZZ,en,eng,eng
180,English,Burundi,0x1000,en-BI,ZZZ,en,eng,eng
181,English,Cameroon,0x1000,en-CM,ZZZ,en,eng,eng
182,English,Canada,0x1009,en-CA,ENC,en,eng,eng
183,English,Caribbean,0x2409,en-029,ENB,en,eng,eng
184,English,Cayman Islands,0x1000,en-KY,ZZZ,en,eng,eng
185,English,Christmas Island,0x1000,en-CX,ZZZ,en,eng,eng
186,English,Cocos [Keeling] Islands,0x1000,en-CC,ZZZ,en,eng,eng
187,English,Cook Islands,0x1000,en-CK,ZZZ,en,eng,eng
188,English,Cyprus,0x1000,en-CY,ZZZ,en,eng,eng
189,English,Denmark,0x1000,en-DK,ZZZ,en,eng,eng
190,English,Dominica,0x1000,en-DM,ZZZ,en,eng,eng
191,English,Eritrea,0x1000,en-ER,ZZZ,en,eng,eng
192,English,Europe,0x1000,en-150,ZZZ,en,eng,eng
193,English,Falkland Islands,0x1000,en-FK,ZZZ,en,eng,eng
194,English,Finland,0x1000,en-FI,ZZZ,en,eng,eng
195,English,Fiji,0x1000,en-FJ,ZZZ,en,eng,eng
196,English,Gambia,0x1000,en-GM,ZZZ,en,eng,eng
197,English,Germany,0x1000,en-DE,ZZZ,en,eng,eng
198,English,Ghana,0x1000,en-GH,ZZZ,en,eng,eng
199,English,Gibraltar,0x1000,en-GI,ZZZ,en,eng,eng
200,English,Grenada,0x1000,en-GD,ZZZ,en,eng,eng
201,English,Guam,0x1000,en-GU,ZZZ,en,eng,eng
202,English,Guernsey,0x1000,en-GG,ZZZ,en,eng,eng
203,English,Guyana,0x1000,en-GY,ZZZ,en,eng,eng
204,English,Hong Kong,0x3C09,en-HK,ENH,en,eng,eng
205,English,India,0x4009,en-IN,ENN,en,eng,eng
206,English,Ireland,0x1809,en-IE,ENI,en,eng,eng
207,English,Isle of Man,0x1000,en-IM,ZZZ,en,eng,eng
208,English,Israel,0x1000,en-IL,ZZZ,en,eng,eng
209,English,Jamaica,0x2009,en-JM,ENJ,en,eng,eng
210,English,Jersey,0x1000,en-JE,ZZZ,en,eng,eng
211,English,Kenya,0x1000,en-KE,ZZZ,en,eng,eng
212,English,Kiribati,0x1000,en-KI,ZZZ,en,eng,eng
213,English,Lesotho,0x1000,en-LS,ZZZ,en,eng,eng
214,English,Liberia,0x1000,en-LR,ZZZ,en,eng,eng
215,English,Macao SAR,0x1000,en-MO,ZZZ,en,eng,eng
216,English,Madagascar,0x1000,en-MG,ZZZ,en,eng,eng
217,English,Malawi,0x1000,en-MW,ZZZ,en,eng,eng
218,English,Malaysia,0x4409,en-MY,ENM,en,eng,eng
219,English,Maldives,0x1000,en-MV,ZZZ,en,eng,eng
220,English,Malta,0x1000,en-MT,ZZZ,en,eng,eng
221,English,Marshall Islands,0x1000,en-MH,ZZZ,en,eng,eng
222,English,Mauritius,0x1000,en-MU,ZZZ,en,eng,eng
223,English,Micronesia,0x1000,en-FM,ZZZ,en,eng,eng
224,English,Montserrat,0x1000,en-MS,ZZZ,en,eng,eng
225,English,Namibia,0x1000,en-NA,ZZZ,en,eng,eng
226,English,Nauru,0x1000,en-NR,ZZZ,en,eng,eng
227,English,Netherlands,0x1000,en-NL,ZZZ,en,eng,eng
228,English,New Zealand,0x1409,en-NZ,ENZ,en,eng,eng
229,English,Nigeria,0x1000,en-NG,ZZZ,en,eng,eng
230,English,Niue,0x1000,en-NU,ZZZ,en,eng,eng
231,English,Norfolk Island,0x1000,en-NF,ZZZ,en,eng,eng
232,English,Northern Mariana Islands,0x1000,en-MP,ZZZ,en,eng,eng
233,English,Pakistan,0x1000,en-PK,ZZZ,en,eng,eng
234,English,Palau,0x1000,en-PW,ZZZ,en,eng,eng
235,English,Papua New Guinea,0x1000,en-PG,ZZZ,en,eng,eng
236,English,Pitcairn Islands,0x1000,en-PN,ZZZ,en,eng,eng
237,English,Puerto Rico,0x1000,en-PR,ZZZ,en,eng,eng
238,English,Republic of the Philippines,0x3409,en-PH,ENP,en,eng,eng
239,English,Rwanda,0x1000,en-RW,ZZZ,en,eng,eng
240,English,Saint Kitts and Nevis,0x1000,en-KN,ZZZ,en,eng,eng
241,English,Saint Lucia,0x1000,en-LC,ZZZ,en,eng,eng
242,English,Saint Vincent and the Grenadines,0x1000,en-VC,ZZZ,en,eng,eng
243,English,Samoa,0x1000,en-WS,ZZZ,en,eng,eng
244,English,Seychelles,0x1000,en-SC,ZZZ,en,eng,eng
245,English,Sierra Leone,0x1000,en-SL,ZZZ,en,eng,eng
246,English,Singapore,0x4809,en-SG,ENE,en,eng,eng
247,English,Sint Maarten,0x1000,en-SX,ZZZ,en,eng,eng
248,English,Slovenia,0x1000,en-SI,ZZZ,en,eng,eng
249,English,Solomon Islands,0x1000,en-SB,ZZZ,en,eng,eng
250,English,South Africa,0x1C09,en-ZA,ENS,en,eng,eng
251,English,South Sudan,0x1000,en-SS,ZZZ,en,eng,eng
252,English,"St Helena, Ascension, Tristan da Cunha",0x1000,en-SH,ZZZ,en,eng,eng
253,English,Sudan,0x1000,en-SD,ZZZ,en,eng,eng
254,English,Swaziland,0x1000,en-SZ,ZZZ,en,eng,eng
255,English,Sweden,0x1000,en-SE,ZZZ,en,eng,eng
256,English,Switzerland,0x1000,en-CH,ZZZ,en,eng,eng
257,English,Tanzania,0x1000,en-TZ,ZZZ,en,eng,eng
258,English,Tokelau,0x1000,en-TK,ZZZ,en,eng,eng
259,English,Tonga,0x1000,en-TO,ZZZ,en,eng,eng
260,English,Trinidad and Tobago,0x2c09,en-TT,ENT,en,eng,eng
261,English,Turks and Caicos Islands,0x1000,en-TC,ZZZ,en,eng,eng
262,English,Tuvalu,0x1000,en-TV,ZZZ,en,eng,eng
263,English,Uganda,0x1000,en-UG,ZZZ,en,eng,eng
264,English,United Arab Emirates,0x4C09,en-AE,ZZZ,en,eng,eng
265,English,United Kingdom,0x0809,en-GB,ENG,en,eng,eng
266,English,United States,0x0409,en-US,ENU,en,eng,eng
267,English,US Minor Outlying Islands,0x1000,en-UM,ZZZ,en,eng,eng
268,English,US Virgin Islands,0x1000,en-VI,ZZZ,en,eng,eng
269,English,Vanuatu,0x1000,en-VU,ZZZ,en,eng,eng
270,English,World,0x1000,en-001,ZZZ,en,eng,eng
271,English,Zambia,0x1000,en-ZM,ZZZ,en,eng,eng
272,English,Zimbabwe,0x3009,en-ZW,ENW,en,eng,eng
273,Esperanto,,0x1000,eo,ZZZ,eo,epo,epo
274,Esperanto,World,0x1000,eo-001,ZZZ,eo,epo,epo
275,Estonian,,0x0025,et,ETI,et,est,est
276,Estonian,Estonia,0x0425,et-EE,ETI,et,est,est
277,Ewe,,0x1000,ee,ZZZ,ee,ewe,ewe
278,Ewe,Ghana,0x1000,ee-GH,ZZZ,ee,ewe,ewe
279,Ewe,Togo,0x1000,ee-TG,ZZZ,ee,ewe,ewe
280,Ewondo,,0x1000,ewo,ZZZ,ewo,ewo,ewo
281,Ewondo,Cameroon,0x1000,ewo-CM,ZZZ,ewo,ewo,ewo
282,Faroese,,0x0038,fo,FOS,fo,fao,fao
283,Faroese,Denmark,0x1000,fo-DK,ZZZ,fo,fao,fao
284,Faroese,Faroe Islands,0x0438,fo-FO,FOS,fo,fao,fao
285,Filipino,,0x0064,fil,FPO,fil,fil,fil
286,Filipino,Philippines,0x0464,fil-PH,FPO,fil,fil,fil
287,Finnish,,0x000B,fi,FIN,fi,fin,fin
288,Finnish,Finland,0x040B,fi-FI,FIN,fi,fin,fin
289,French,,0x000C,fr,FRA,fr,fra,fra
290,French,Algeria,0x1000,fr-DZ,ZZZ,fr,fra,fra
291,French,Belgium,0x080C,fr-BE,FRB,fr,fra,fra
292,French,Benin,0x1000,fr-BJ,ZZZ,fr,fra,fra
293,French,Burkina Faso,0x1000,fr-BF,ZZZ,fr,fra,fra
294,French,Burundi,0x1000,fr-BI,ZZZ,fr,fra,fra
295,French,Cameroon,0x2c0C,fr-CM,FRE,fr,fra,fra
296,French,Canada,0x0c0C,fr-CA,FRC,fr,fra,fra
297,French,Caribbean,0x1C0C,fr-029,ZZZ,fr,fra,fra
298,French,Central African Republic,0x1000,fr-CF,ZZZ,fr,fra,fra
299,French,Chad,0x1000,fr-TD,ZZZ,fr,fra,fra
300,French,Comoros,0x1000,fr-KM,ZZZ,fr,fra,fra
301,French,Congo,0x1000,fr-CG,ZZZ,fr,fra,fra
302,French,"Congo, DRC",0x240C,fr-CD,FRD,fr,fra,fra
303,French,Côte d'Ivoire,0x300C,fr-CI,FRI,fr,fra,fra
304,French,Djibouti,0x1000,fr-DJ,ZZZ,fr,fra,fra
305,French,Equatorial Guinea,0x1000,fr-GQ,ZZZ,fr,fra,fra
306,French,France,0x040C,fr-FR,FRA,fr,fra,fra
307,French,French Guiana,0x1000,fr-GF,ZZZ,fr,fra,fra
308,French,French Polynesia,0x1000,fr-PF,ZZZ,fr,fra,fra
309,French,Gabon,0x1000,fr-GA,ZZZ,fr,fra,fra
310,French,Guadeloupe,0x1000,fr-GP,ZZZ,fr,fra,fra
311,French,Guinea,0x1000,fr-GN,ZZZ,fr,fra,fra
312,French,Haiti,0x3c0C,fr-HT,FRH,fr,fra,fra
313,French,Luxembourg,0x140C,fr-LU,FRL,fr,fra,fra
314,French,Madagascar,0x1000,fr-MG,ZZZ,fr,fra,fra
315,French,Mali,0x340C,fr-ML,FRF,fr,fra,fra
316,French,Martinique,0x1000,fr-MQ,ZZZ,fr,fra,fra
317,French,Mauritania,0x1000,fr-MR,ZZZ,fr,fra,fra
318,French,Mauritius,0x1000,fr-MU,ZZZ,fr,fra,fra
319,French,Mayotte,0x1000,fr-YT,ZZZ,fr,fra,fra
320,French,Morocco,0x380C,fr-MA,FRO,fr,fra,fra
321,French,New Caledonia,0x1000,fr-NC,ZZZ,fr,fra,fra
322,French,Niger,0x1000,fr-NE,ZZZ,fr,fra,fra
323,French,Principality of Monaco,0x180C,fr-MC,FRM,fr,fra,fra
324,French,Reunion,0x200C,fr-RE,FRR,fr,fra,fra
325,French,Rwanda,0x1000,fr-RW,ZZZ,fr,fra,fra
326,French,Saint Barthélemy,0x1000,fr-BL,ZZZ,fr,fra,fra
327,French,Saint Martin,0x1000,fr-MF,ZZZ,fr,fra,fra
328,French,Saint Pierre and Miquelon,0x1000,fr-PM,ZZZ,fr,fra,fra
329,French,Senegal,0x280C,fr-SN,FRN,fr,fra,fra
330,French,Seychelles,0x1000,fr-SC,ZZZ,fr,fra,fra
331,French,Switzerland,0x100C,fr-CH,FRS,fr,fra,fra
332,French,Syria,0x1000,fr-SY,ZZZ,fr,fra,fra
333,French,Togo,0x1000,fr-TG,ZZZ,fr,fra,fra
334,French,Tunisia,0x1000,fr-TN,ZZZ,fr,fra,fra
335,French,Vanuatu,0x1000,fr-VU,ZZZ,fr,fra,fra
336,French,Wallis and Futuna,0x1000,fr-WF,ZZZ,fr,fra,fra
337,Frisian,,0x0062,fy,FYN,fy,fry,fry
338,Frisian,Netherlands,0x0462,fy-NL,FYN,fy,fry,fry
339,Friulian,,0x1000,fur,ZZZ,fur,fur,fur
340,Friulian,Italy,0x1000,fur-IT,ZZZ,fur,fur,fur
341,Fulah,,0x0067,ff,FUL,ff,ful,ful
342,Fulah (Latin),,0x7C67,ff-Latn,FUL,ff,ful,ful
343,Fulah (Latin),Burkina Faso,0x1000,ff-Latn-BF,ZZZ,ff,ful,ful
344,Fulah,Cameroon,0x1000,ff-CM,ZZZ,ff,ful,ful
345,Fulah (Latin),Cameroon,0x1000,ff-Latn-CM,ZZZ,ff,ful,ful
346,Fulah (Latin),Gambia,0x1000,ff-Latn-GM,ZZZ,ff,ful,ful
347,Fulah (Latin),Ghana,0x1000,ff-Latn-GH,ZZZ,ff,ful,ful
348,Fulah,Guinea,0x1000,ff-GN,ZZZ,ff,ful,ful
349,Fulah (Latin),Guinea,0x1000,ff-Latn-GN,ZZZ,ff,ful,ful
350,Fulah (Latin),Guinea-Bissau,0x1000,ff-Latn-GW,ZZZ,ff,ful,ful
351,Fulah (Latin),Liberia,0x1000,ff-Latn-LR,ZZZ,ff,ful,ful
352,Fulah,Mauritania,0x1000,ff-MR,ZZZ,ff,ful,ful
353,Fulah (Latin),Mauritania,0x1000,ff-Latn-MR,ZZZ,ff,ful,ful
354,Fulah (Latin),Niger,0x1000,ff-Latn-NE,ZZZ,ff,ful,ful
355,Fulah,Nigeria,0x0467,ff-NG,ZZZ,ff,ful,ful
356,Fulah (Latin),Nigeria,0x0467,ff-Latn-NG,ZZZ,ff,ful,ful
357,Fulah,Senegal,0x0867,ff-Latn-SN,FUL,ff,ful,ful
358,Fulah (Latin),Sierra Leone,0x1000,ff-Latn-SL,ZZZ,ff,ful,ful
359,Galician,,0x0056,gl,GLC,gl,glg,glg
360,Galician,Spain,0x0456,gl-ES,GLC,gl,glg,glg
361,Ganda,,0x1000,lg,ZZZ,lg,lug,lug
362,Ganda,Uganda,0x1000,lg-UG,ZZZ,lg,lug,lug
363,Georgian,,0x0037,ka,KAT,ka,kat,kat
364,Georgian,Georgia,0x0437,ka-GE,KAT,ka,kat,kat
365,German,,0x0007,de,DEU,de,deu,deu
366,German,Austria,0x0C07,de-AT,DEA,de,deu,deu
367,German,Belgium,0x1000,de-BE,ZZZ,de,deu,deu
368,German,Germany,0x0407,de-DE,DEU,de,deu,deu
369,German,Italy,0x1000,de-IT,ZZZ,de,deu,deu
370,German,Liechtenstein,0x1407,de-LI,DEC,de,deu,deu
371,German,Luxembourg,0x1007,de-LU,DEL,de,deu,deu
372,German,Switzerland,0x0807,de-CH,DES,de,deu,deu
373,Greek,,0x0008,el,ELL,el,ell,ell
374,Greek,Cyprus,0x1000,el-CY,ZZZ,el,ell,ell
375,Greek,Greece,0x0408,el-GR,ELL,el,ell,ell
376,Greenlandic,,0x006F,kl,KAL,kl,kal,kal
377,Greenlandic,Greenland,0x046F,kl-GL,KAL,kl,kal,kal
378,Guarani,,0x0074,gn,GRN,gn,grn,grn
379,Guarani,Paraguay,0x0474,gn-PY,GRN,gn,grn,grn
380,Gujarati,,0x0047,gu,GUJ,gu,guj,guj
381,Gujarati,India,0x0447,gu-IN,GUJ,gu,guj,guj
382,Gusii,,0x1000,guz,ZZZ,guz,guz,guz
383,Gusii,Kenya,0x1000,guz-KE,ZZZ,guz,guz,guz
384,Haryanvi,,0x1000,bgc,ZZZ,bgc,bgc,bgc
385,Haryanvi (Devanagari),,0x1000,bgc-Deva,ZZZ,bgc,bgc,bgc
386,Haryanvi (Devanagari),India,0x1000,bgc-Deva-IN,ZZZ,bgc,bgc,bgc
387,Hausa (Latin),,0x0068,ha,HAU,ha,hau,hau
388,Hausa (Latin),,0x7C68,ha-Latn,HAU,ha,hau,hau
389,Hausa (Latin),Ghana,0x1000,ha-Latn-GH,ZZZ,ha,hau,hau
390,Hausa (Latin),Niger,0x1000,ha-Latn-NE,ZZZ,ha,hau,hau
391,Hausa (Latin),Nigeria,0x0468,ha-Latn-NG,HAU,ha,hau,hau
392,Hawaiian,,0x0075,haw,HAW,haw,haw,haw
393,Hawaiian,United States,0x0475,haw-US,HAW,haw,haw,haw
394,Hebrew,,0x000D,he,HEB,he,heb,heb
395,Hebrew,Israel,0x040D,he-IL,HEB,he,heb,heb
396,Hindi,,0x0039,hi,HIN,hi,hin,hin
397,Hindi,India,0x0439,hi-IN,HIN,hi,hin,hin
398,Hindi (Latin),,0x1000,hi-Latn,ZZZ,hi,hin,hin
399,Hindi (Latin),India,0x1000,hi-Latn-IN,ZZZ,hi,hin,hin
400,Hungarian,,0x000E,hu,HUN,hu,hun,hun
401,Hungarian,Hungary,0x040E,hu-HU,HUN,hu,hun,hun
402,Icelandic,,0x000F,is,ISL,is,isl,isl
403,Icelandic,Iceland,0x040F,is-IS,ISL,is,isl,isl
404,Igbo,,0x0070,ig,IBO,ig,ibo,ibo
405,Igbo,Nigeria,0x0470,ig-NG,IBO,ig,ibo,ibo
406,Indonesian,,0x0021,id,IND,id,ind,ind
407,Indonesian,Indonesia,0x0421,id-ID,IND,id,ind,ind
408,Interlingua,,0x1000,ia,ZZZ,ia,ina,ina
409,Interlingua,France,0x1000,ia-FR,ZZZ,ia,ina,ina
410,Interlingua,World,0x1000,ia-001,ZZZ,ia,ina,ina
411,Inuktitut (Latin),,0x005D,iu,IUK,iu,iku,iku
412,Inuktitut (Latin),,0x7C5D,iu-Latn,IUK,iu,iku,iku
413,Inuktitut (Latin),Canada,0x085D,iu-Latn-CA,IUK,iu,iku,iku
414,Inuktitut (Syllabics),,0x785D,iu-Cans,IUS,iu,iku,iku
415,Inuktitut (Syllabics),Canada,0x045d,iu-Cans-CA,IUS,iu,iku,iku
416,Irish,,0x003C,ga,IRE,ga,gle,gle
417,Irish,Ireland,0x083C,ga-IE,IRE,ga,gle,gle
418,Italian,,0x0010,it,ITA,it,ita,ita
419,Italian,Italy,0x0410,it-IT,ITA,it,ita,ita
420,Italian,San Marino,0x1000,it-SM,ZZZ,it,ita,ita
421,Italian,Switzerland,0x0810,it-CH,ITS,it,ita,ita
422,Italian,Vatican City,0x1000,it-VA,ZZZ,it,ita,ita
423,Japanese,,0x0011,ja,JPN,ja,jpn,jpn
424,Japanese,Japan,0x0411,ja-JP,JPN,ja,jpn,jpn
425,Javanese,,0x1000,jv,JAV,jv,jav,jav
426,Javanese,Latin,0x1000,jv-Latn,JAV,jv,jav,jav
427,Javanese,"Latin, Indonesia",0x1000,jv-Latn-ID,JAV,jv,jav,jav
428,Jola-Fonyi,,0x1000,dyo,ZZZ,dyo,dyo,dyo
429,Jola-Fonyi,Senegal,0x1000,dyo-SN,ZZZ,dyo,dyo,dyo
430,Kabuverdianu,,0x1000,kea,ZZZ,kea,kea,kea
431,Kabuverdianu,Cabo Verde,0x1000,kea-CV,ZZZ,kea,kea,kea
432,Kabyle,,0x1000,kab,ZZZ,kab,kab,kab
433,Kabyle,Algeria,0x1000,kab-DZ,ZZZ,kab,kab,kab
434,Kaingang,,0x1000,kgp,ZZZ,kgp,kgp,kgp
435,Kaingang (Latin),,0x1000,kgp-Latn,ZZZ,kgp,kgp,kgp
436,Kaingang (Latin),Brazil,0x1000,kgp-Latn-BR,ZZZ,kgp,kgp,kgp
437,Kako,,0x1000,kkj,ZZZ,kkj,kkj,kkj
438,Kako,Cameroon,0x1000,kkj-CM,ZZZ,kkj,kkj,kkj
439,Kalenjin,,0x1000,kln,ZZZ,kln,kln,kln
440,Kalenjin,Kenya,0x1000,kln-KE,ZZZ,kln,kln,kln
441,Kamba,,0x1000,kam,ZZZ,kam,kam,kam
442,Kamba,Kenya,0x1000,kam-KE,ZZZ,kam,kam,kam
443,Kannada,,0x004B,kn,KDI,kn,kan,kan
444,Kannada,India,0x044B,kn-IN,KDI,kn,kan,kan
445,Kanuri (Latin),Nigeria,0x0471,kr-Latn-NG,ZZZ,kr,kau,kau
446,Kashmiri,,0x0060,ks,ZZZ,ks,kas,kas
447,Kashmiri,Perso-Arabic,0x0460,ks-Arab,ZZZ,ks,kas,kas
448,Kashmiri,Perso-Arabic,0x1000,ks-Arab-IN,ZZZ,ks,kas,kas
449,Kashmiri (Devanagari),India,0x0860,ks-Deva-IN,ZZZ,ks,kas,kas
450,Kazakh,,0x003F,kk,KKZ,kk,kaz,kaz
451,Kazakh,Kazakhstan,0x043F,kk-KZ,KKZ,kk,kaz,kaz
452,Khmer,,0x0053,km,KHM,km,khm,khm
453,Khmer,Cambodia,0x0453,km-KH,KHM,km,khm,khm
454,K'iche,,0x0086,quc,QUC,quc,quc,quc
455,K'iche,Guatemala,0x0486,quc-Latn-GT,QUT,quc,quc,quc
456,Kikuyu,,0x1000,ki,ZZZ,ki,kik,kik
457,Kikuyu,Kenya,0x1000,ki-KE,ZZZ,ki,kik,kik
458,Kinyarwanda,,0x0087,rw,KIN,rw,kin,kin
459,Kinyarwanda,Rwanda,0x0487,rw-RW,KIN,rw,kin,kin
460,Kiswahili,,0x0041,sw,SWK,sw,swa,swa
461,Kiswahili,Kenya,0x0441,sw-KE,SWK,sw,swa,swa
462,Kiswahili,Tanzania,0x1000,sw-TZ,ZZZ,sw,swa,swa
463,Kiswahili,Uganda,0x1000,sw-UG,ZZZ,sw,swa,swa
464,Konkani,,0x0057,kok,KNK,kok,kok,kok
465,Konkani,India,0x0457,kok-IN,KNK,kok,kok,kok
466,Korean,,0x0012,ko,KOR,ko,kor,kor
467,Korean,Korea,0x0412,ko-KR,KOR,ko,kor,kor
468,Korean,North Korea,0x1000,ko-KP,ZZZ,ko,kor,kor
469,Koyra Chiini,,0x1000,khq,ZZZ,khq,khq,khq
470,Koyra Chiini,Mali,0x1000,khq-ML,ZZZ,khq,khq,khq
471,Koyraboro Senni,,0x1000,ses,ZZZ,ses,ses,ses
472,Koyraboro Senni,Mali,0x1000,ses-ML,ZZZ,ses,ses,ses
473,Kwasio,,0x1000,nmg,ZZZ,nmg,nmg,nmg
474,Kwasio,Cameroon,0x1000,nmg-CM,ZZZ,nmg,nmg,nmg
475,Kyrgyz,,0x0040,ky,KYR,ky,kir,kir
476,Kyrgyz,Kyrgyzstan,0x0440,ky-KG,KYR,ky,kir,kir
477,Kurdish,"Perso-Arabic, Iran",0x1000,ku-Arab-IR,ZZZ,ku,kur,kur
478,Lakota,,0x1000,lkt,ZZZ,lkt,lkt,lkt
479,Lakota,United States,0x1000,lkt-US,ZZZ,lkt,lkt,lkt
480,Langi,,0x1000,lag,ZZZ,lag,lag,lag
481,Langi,Tanzania,0x1000,lag-TZ,ZZZ,lag,lag,lag
482,Lao,,0x0054,lo,LAO,lo,lao,lao
483,Lao,Lao P.D.R.,0x0454,lo-LA,LAO,lo,lao,lao
484,Latin,Vatican City,0x0476,la-VA,ZZZ,la,lat,lat
485,Latvian,,0x0026,lv,LVI,lv,lav,lav
486,Latvian,Latvia,0x0426,lv-LV,LVI,lv,lav,lav
487,Lingala,,0x1000,ln,ZZZ,ln,lin,lin
488,Lingala,Angola,0x1000,ln-AO,ZZZ,ln,lin,lin
489,Lingala,Central African Republic,0x1000,ln-CF,ZZZ,ln,lin,lin
490,Lingala,Congo,0x1000,ln-CG,ZZZ,ln,lin,lin
491,Lingala,Congo DRC,0x1000,ln-CD,ZZZ,ln,lin,lin
492,Lithuanian,,0x0027,lt,LTH,lt,lit,lit
493,Lithuanian,Lithuania,0x0427,lt-LT,LTH,lt,lit,lit
494,Low German,,0x1000,nds,ZZZ,nds,nds,nds
495,Low German,Germany,0x1000,nds-DE,ZZZ,nds,nds,nds
496,Low German,Netherlands,0x1000,nds-NL,ZZZ,nds,nds,nds
497,Lower Sorbian,,0x7C2E,dsb,DSB,dsb,dsb,dsb
498,Lower Sorbian,Germany,0x082E,dsb-DE,DSB,dsb,dsb,dsb
499,Luba-Katanga,,0x1000,lu,ZZZ,lu,lub,lub
500,Luba-Katanga,Congo DRC,0x1000,lu-CD,ZZZ,lu,lub,lub
501,Luo,,0x1000,luo,ZZZ,luo,luo,luo
502,Luo,Kenya,0x1000,luo-KE,ZZZ,luo,luo,luo
503,Luxembourgish,,0x006E,lb,LBX,lb,ltz,ltz
504,Luxembourgish,Luxembourg,0x046E,lb-LU,LBX,lb,ltz,ltz
505,Luyia,,0x1000,luy,ZZZ,luy,luy,luy
506,Luyia,Kenya,0x1000,luy-KE,ZZZ,luy,luy,luy
507,Macedonian,,0x002F,mk,MKI,mk,mkd,mkd
508,Macedonian,North Macedonia,0x042F,mk-MK,MKI,mk,mkd,mkd
509,Machame,,0x1000,jmc,ZZZ,jmc,jmc,jmc
510,Machame,Tanzania,0x1000,jmc-TZ,ZZZ,jmc,jmc,jmc
511,Makhuwa-Meetto,,0x1000,mgh,ZZZ,mgh,mgh,mgh
512,Makhuwa-Meetto,Mozambique,0x1000,mgh-MZ,ZZZ,mgh,mgh,mgh
513,Makonde,,0x1000,kde,ZZZ,kde,kde,kde
514,Makonde,Tanzania,0x1000,kde-TZ,ZZZ,kde,kde,kde
515,Malagasy,,0x1000,mg,MLG,mg,mlg,mlg
516,Malagasy,Madagascar,0x1000,mg-MG,MLG,mg,mlg,mlg
517,Malay,,0x003E,ms,MSL,ms,msa,msa
518,Malay,Brunei Darussalam,0x083E,ms-BN,MSB,ms,msa,msa
519,Malay,Malaysia,0x043E,ms-MY,MSL,ms,msa,msa
520,Malayalam,,0x004C,ml,MYM,ml,mal,mal
521,Malayalam,India,0x044C,ml-IN,MYM,ml,mal,mal
522,Maltese,,0x003A,mt,MLT,mt,mlt,mlt
523,Maltese,Malta,0x043A,mt-MT,MLT,mt,mlt,mlt
524,Manx,,0x1000,gv,ZZZ,gv,glv,glv
525,Manx,Isle of Man,0x1000,gv-IM,ZZZ,gv,glv,glv
526,Maori,,0x0081,mi,MRI,mi,mri,mri
527,Maori,New Zealand,0x0481,mi-NZ,MRI,mi,mri,mri
528,Mapudungun,,0x007A,arn,MPD,arn,arn,arn
529,Mapudungun,Chile,0x047A,arn-CL,MPD,arn,arn,arn
530,Marathi,,0x004E,mr,MAR,mr,mar,mar
531,Marathi,India,0x044E,mr-IN,MAR,mr,mar,mar
532,Masai,,0x1000,mas,ZZZ,mas,mas,mas
533,Masai,Kenya,0x1000,mas-KE,ZZZ,mas,mas,mas
534,Masai,Tanzania,0x1000,mas-TZ,ZZZ,mas,mas,mas
535,Mazanderani,Iran,0x1000,mzn-IR,ZZZ,mzn,mzn,mzn
536,Meru,,0x1000,mer,ZZZ,mer,mer,mer
537,Meru,Kenya,0x1000,mer-KE,ZZZ,mer,mer,mer
538,Meta',,0x1000,mgo,ZZZ,mgo,mgo,mgo
539,Meta',Cameroon,0x1000,mgo-CM,ZZZ,mgo,mgo,mgo
540,Mohawk,,0x007C,moh,MWK,moh,moh,moh
541,Mohawk,Canada,0x047C,moh-CA,MWK,moh,moh,moh
542,Mongolian (Cyrillic),,0x0050,mn,MON,mn,mon,mon
543,Mongolian (Cyrillic),,0x7850,mn-Cyrl,MNN,mn,mon,mon
544,Mongolian (Cyrillic),Mongolia,0x0450,mn-MN,MNN,mn,mon,mon
545,Mongolian (Traditional Mongolian),,0x7C50,mn-Mong,MNG,mn,mon,mon
546,Mongolian (Traditional Mongolian),People's Republic of China,0x0850,mn-Mong-CN,MNG,mn,mon,mon
547,Mongolian (Traditional Mongolian),Mongolia,0x0C50,mn-Mong-MN,MNM,mn,mon,mon
548,Morisyen,,0x1000,mfe,ZZZ,mfe,mfe,mfe
549,Morisyen,Mauritius,0x1000,mfe-MU,ZZZ,mfe,mfe,mfe
550,Mundang,,0x1000,mua,ZZZ,mua,mua,mua
551,Mundang,Cameroon,0x1000,mua-CM,ZZZ,mua,mua,mua
552,N'ko,,0x1000,nqo,NQO,nqo,nqo,nqo
553,N'ko,Guinea,0x1000,nqo-GN,NQO,nqo,nqo,nqo
554,Nama,,0x1000,naq,ZZZ,naq,naq,naq
555,Nama,Namibia,0x1000,naq-NA,ZZZ,naq,naq,naq
556,Nepali,,0x0061,ne,NEP,ne,nep,nep
557,Nepali,India,0x0861,ne-IN,NEI,ne,nep,nep
558,Nepali,Nepal,0x0461,ne-NP,NEP,ne,nep,nep
559,Ngiemboon,,0x1000,nnh,ZZZ,nnh,nnh,nnh
560,Ngiemboon,Cameroon,0x1000,nnh-CM,ZZZ,nnh,nnh,nnh
561,Ngomba,,0x1000,jgo,ZZZ,jgo,jgo,jgo
562,Ngomba,Cameroon,0x1000,jgo-CM,ZZZ,jgo,jgo,jgo
563,Nheengatu,,0x1000,yrl,ZZZ,yrl,yrl,yrl
564,Nheengatu (Latin),,0x1000,yrl-Latn,ZZZ,yrl,yrl,yrl
565,Nheengatu (Latin),Brazil,0x1000,yrl-Latn-BR,ZZZ,yrl,yrl,yrl
566,Nheengatu (Latin),Colombia,0x1000,yrl-Latn-CO,ZZZ,yrl,yrl,yrl
567,Nheengatu (Latin),Venezuela,0x1000,yrl-Latn-VE,ZZZ,yrl,yrl,yrl
568,Northern Luri,Iraq,0x1000,lrc-IQ,ZZZ,lrc,lrc,lrc
569,Northern Luri,Iran,0x1000,lrc-IR,ZZZ,lrc,lrc,lrc
570,North Ndebele,,0x1000,nd,ZZZ,nd,nde,nde
571,North Ndebele,Zimbabwe,0x1000,nd-ZW,ZZZ,nd,nde,nde
572,Norwegian (Bokmal),,0x0014,no,NOR,no,nor,nor
573,Norwegian (Bokmal),,0x7C14,nb,NOR,nb,nob,nob
574,Norwegian (Bokmal),Norway,0x0414,nb-NO,NOR,nb,nob,nob
575,Norwegian (Nynorsk),,0x7814,nn,NON,nn,nno,nno
576,Norwegian (Nynorsk),Norway,0x0814,nn-NO,NON,nn,nno,nno
577,Norwegian Bokmål,Svalbard and Jan Mayen,0x1000,nb-SJ,ZZZ,nb,nob,nob
578,Nuer,,0x1000,nus,ZZZ,nus,nus,nus
579,Nuer,Sudan,0x1000,nus-SD,ZZZ,nus,nus,nus
580,Nuer,South Sudan,0x1000,nus-SS,ZZZ,nus,nus,nus
581,Nyankole,,0x1000,nyn,ZZZ,nyn,nyn,nyn
582,Nyankole,Uganda,0x1000,nyn-UG,ZZZ,nyn,nyn,nyn
583,Occitan,,0x0082,oc,OCI,oc,oci,oci
584,Occitan,France,0x0482,oc-FR,OCI,oc,oci,oci
585,Occitan,Spain,0x1000,oc-ES,ZZZ,oc,oci,oci
586,Odia,,0x0048,or,ORI,or,ori,ori
587,Odia,India,0x0448,or-IN,ORI,or,ori,ori
588,Oromo,,0x0072,om,ORM,om,orm,orm
589,Oromo,Ethiopia,0x0472,om-ET,ORM,om,orm,orm
590,Oromo,Kenya,0x1000,om-KE,ZZZ,om,orm,orm
591,Ossetian,,0x1000,os,ZZZ,os,oss,oss
592,Ossetian,"Cyrillic, Georgia",0x1000,os-GE,ZZZ,os,oss,oss
593,Ossetian,"Cyrillic, Russia",0x1000,os-RU,ZZZ,os,oss,oss
594,Pashto,,0x0063,ps,PAS,ps,pus,pus
595,Pashto,Afghanistan,0x0463,ps-AF,PAS,ps,pus,pus
596,Pashto,Pakistan,0x1000,ps-PK,ZZZ,ps,pus,pus
597,Persian,,0x0029,fa,FAR,fa,fas,fas
598,Persian,Afghanistan,0x1000,fa-AF,ZZZ,fa,fas,fas
599,Persian,Iran,0x0429,fa-IR,FAR,fa,fas,fas
600,Polish,,0x0015,pl,PLK,pl,pol,pol
601,Polish,Poland,0x0415,pl-PL,PLK,pl,pol,pol
602,Portuguese,,0x0016,pt,PTB,pt,por,por
603,Portuguese,Angola,0x1000,pt-AO,PTA,pt,por,por
604,Portuguese,Brazil,0x0416,pt-BR,PTB,pt,por,por
605,Portuguese,Cabo Verde,0x1000,pt-CV,ZZZ,pt,por,por
606,Portuguese,Equatorial Guinea,0x1000,pt-GQ,ZZZ,pt,por,por
607,Portuguese,Guinea-Bissau,0x1000,pt-GW,ZZZ,pt,por,por
608,Portuguese,Luxembourg,0x1000,pt-LU,ZZZ,pt,por,por
609,Portuguese,Macao SAR,0x1000,pt-MO,ZZZ,pt,por,por
610,Portuguese,Mozambique,0x1000,pt-MZ,ZZZ,pt,por,por
611,Portuguese,Portugal,0x0816,pt-PT,PTG,pt,por,por
612,Portuguese,São Tomé and Príncipe,0x1000,pt-ST,ZZZ,pt,por,por
613,Portuguese,Switzerland,0x1000,pt-CH,ZZZ,pt,por,por
614,Portuguese,Timor-Leste,0x1000,pt-TL,ZZZ,pt,por,por
615,Prussian,,0x1000,prg-001,ZZZ,prg,prg,prg
616,Pseudo Language,Pseudo locale for east Asian/complex script localization testing,0x05FE,qps-ploca,JPN,qps,qps,qps
617,Pseudo Language,Pseudo locale used for localization testing,0x0501,qps-ploc,ENU,qps,qps,qps
618,Pseudo Language,Pseudo locale used for localization testing of mirrored locales,0x09FF,qps-plocm,ARA,qps,qps,qps
619,Punjabi,,0x0046,pa,PAN,pa,pan,pan
620,Punjabi,,0x7C46,pa-Arab,PAP,pa,pan,pan
621,Punjabi,India,0x0446,pa-IN,PAN,pa,pan,pan
622,Punjabi,Islamic Republic of Pakistan,0x0846,pa-Arab-PK,PAP,pa,pan,pan
623,Quechua,,0x006B,quz,QUB,quz,quz,quz
624,Quechua,Bolivia,0x046B,quz-BO,QUB,quz,quz,quz
625,Quechua,Ecuador,0x086B,quz-EC,QUE,quz,quz,quz
626,Quechua,Peru,0x0C6B,quz-PE,QUP,quz,quz,quz
627,Rajasthani,,0x1000,raj,ZZZ,raj,raj,raj
628,Rajasthani (Devanagari),,0x1000,raj-Deva,ZZZ,raj,raj,raj
629,Rajasthani (Devanagari),India,0x1000,raj-Deva-IN,ZZZ,raj,raj,raj
630,Ripuarian,,0x1000,ksh,ZZZ,ksh,ksh,ksh
631,Ripuarian,Germany,0x1000,ksh-DE,ZZZ,ksh,ksh,ksh
632,Romanian,,0x0018,ro,ROM,ro,ron,ron
633,Romanian,Moldova,0x0818,ro-MD,ROD,ro,ron,ron
634,Romanian,Romania,0x0418,ro-RO,ROM,ro,ron,ron
635,Romansh,,0x0017,rm,RMC,rm,roh,roh
636,Romansh,Switzerland,0x0417,rm-CH,RMC,rm,roh,roh
637,Rombo,,0x1000,rof,ZZZ,rof,rof,rof
638,Rombo,Tanzania,0x1000,rof-TZ,ZZZ,rof,rof,rof
639,Rundi,,0x1000,rn,ZZZ,rn,run,run
640,Rundi,Burundi,0x1000,rn-BI,ZZZ,rn,run,run
641,Russian,,0x0019,ru,RUS,ru,rus,rus
642,Russian,Belarus,0x1000,ru-BY,ZZZ,ru,rus,rus
643,Russian,Kazakhstan,0x1000,ru-KZ,ZZZ,ru,rus,rus
644,Russian,Kyrgyzstan,0x1000,ru-KG,ZZZ,ru,rus,rus
645,Russian,Moldova,0x0819,ru-MD,RUM,ru,rus,rus
646,Russian,Russia,0x0419,ru-RU,RUS,ru,rus,rus
647,Russian,Ukraine,0x1000,ru-UA,ZZZ,ru,rus,rus
648,Rwa,,0x1000,rwk,ZZZ,rwk,rwk,rwk
649,Rwa,Tanzania,0x1000,rwk-TZ,ZZZ,rwk,rwk,rwk
650,Saho,,0x1000,ssy,ZZZ,ssy,ssy,ssy
651,Saho,Eritrea,0x1000,ssy-ER,ZZZ,ssy,ssy,ssy
652,Sakha,,0x0085,sah,SAH,sah,sah,sah
653,Sakha,Russia,0x0485,sah-RU,SAH,sah,sah,sah
654,Samburu,,0x1000,saq,ZZZ,saq,saq,saq
655,Samburu,Kenya,0x1000,saq-KE,ZZZ,saq,saq,saq
656,Sami (Inari),,0x703B,smn,SMN,smn,smn,smn
657,Sami (Inari),Finland,0x243B,smn-FI,SMN,smn,smn,smn
658,Sami (Lule),,0x7C3B,smj,SMK,smj,smj,smj
659,Sami (Lule),Norway,0x103B,smj-NO,SMJ,smj,smj,smj
660,Sami (Lule),Sweden,0x143B,smj-SE,SMK,smj,smj,smj
661,Sami (Northern),,0x003B,se,SME,se,sme,sme
662,Sami (Northern),Finland,0x0C3B,se-FI,SMG,se,sme,sme
663,Sami (Northern),Norway,0x043B,se-NO,SME,se,sme,sme
664,Sami (Northern),Sweden,0x083B,se-SE,SMF,se,sme,sme
665,Sami (Skolt),,0x743B,sms,SMS,sms,sms,sms
666,Sami (Skolt),Finland,0x203B,sms-FI,SMS,sms,sms,sms
667,Sami (Southern),,0x783B,sma,SMB,sma,sma,sma
668,Sami (Southern),Norway,0x183B,sma-NO,SMA,sma,sma,sma
669,Sami (Southern),Sweden,0x1C3B,sma-SE,SMB,sma,sma,sma
670,Sango,,0x1000,sg,ZZZ,sg,sag,sag
671,Sango,Central African Republic,0x1000,sg-CF,ZZZ,sg,sag,sag
672,Sangu,,0x1000,sbp,ZZZ,sbp,sbp,sbp
673,Sangu,Tanzania,0x1000,sbp-TZ,ZZZ,sbp,sbp,sbp
674,Sanskrit,,0x004F,sa,SAN,sa,san,san
675,Sanskrit,India,0x044F,sa-IN,SAN,sa,san,san
676,Sardinian,,0x1000,sc,ZZZ,sc,srd,srd
677,Sardinian (Latin),,0x1000,sc-Latn,ZZZ,sc,srd,srd
678,Sardinian (Latin),Italy,0x1000,sc-Latn-IT,ZZZ,sc,srd,srd
679,Scottish Gaelic,,0x0091,gd,GLA,gd,gla,gla
680,Scottish Gaelic,United Kingdom,0x0491,gd-GB,GLA,gd,gla,gla
681,Sena,,0x1000,seh,ZZZ,seh,seh,seh
682,Sena,Mozambique,0x1000,seh-MZ,ZZZ,seh,seh,seh
683,Serbian (Cyrillic),,0x6C1A,sr-Cyrl,SRO,sr,srp,srp
684,Serbian (Cyrillic),Bosnia and Herzegovina,0x1C1A,sr-Cyrl-BA,SRN,sr,srp,srp
685,Serbian (Cyrillic),Montenegro,0x301A,sr-Cyrl-ME,SRQ,sr,srp,srp
686,Serbian (Cyrillic),Serbia,0x281A,sr-Cyrl-RS,SRO,sr,srp,srp
687,Serbian (Cyrillic),Serbia and Montenegro (Former),0x0C1A,sr-Cyrl-CS,SRB,sr,srp,srp
688,Serbian (Latin),,0x701A,sr-Latn,SRM,sr,srp,srp
689,Serbian (Latin),,0x7C1A,sr,SRB,sr,srp,srp
690,Serbian (Latin),Bosnia and Herzegovina,0x181A,sr-Latn-BA,SRS,sr,srp,srp
691,Serbian (Latin),Montenegro,0x2c1A,sr-Latn-ME,SRP,sr,srp,srp
692,Serbian (Latin),Serbia,0x241A,sr-Latn-RS,SRM,sr,srp,srp
693,Serbian (Latin),Serbia and Montenegro (Former),0x081A,sr-Latn-CS,SRL,sr,srp,srp
694,Sesotho sa Leboa,,0x006C,nso,NSO,nso,nso,nso
695,Sesotho sa Leboa,South Africa,0x046C,nso-ZA,NSO,nso,nso,nso
696,Setswana,,0x0032,tn,TSN,tn,tsn,tsn
697,Setswana,Botswana,0x0832,tn-BW,TSB,tn,tsn,tsn
698,Setswana,South Africa,0x0432,tn-ZA,TSN,tn,tsn,tsn
699,Shambala,,0x1000,ksb,ZZZ,ksb,ksb,ksb
700,Shambala,Tanzania,0x1000,ksb-TZ,ZZZ,ksb,ksb,ksb
701,Shona,,0x1000,sn,SNA,sn,sna,sna
702,Shona,Latin,0x1000,sn-Latn,SNA,sn,sna,sna
703,Shona,Zimbabwe,0x1000,sn-Latn-ZW,SNA,sn,sna,sna
704,Sindhi,,0x0059,sd,SIP,sd,snd,snd
705,Sindhi,,0x7C59,sd-Arab,SIP,sd,snd,snd
706,Sindhi,Islamic Republic of Pakistan,0x0859,sd-Arab-PK,SIP,sd,snd,snd
707,Sinhala,,0x005B,si,SIN,si,sin,sin
708,Sinhala,Sri Lanka,0x045B,si-LK,SIN,si,sin,sin
709,Slovak,,0x001B,sk,SKY,sk,slk,slk
710,Slovak,Slovakia,0x041B,sk-SK,SKY,sk,slk,slk
711,Slovenian,,0x0024,sl,SLV,sl,slv,slv
712,Slovenian,Slovenia,0x0424,sl-SI,SLV,sl,slv,slv
713,Soga,,0x1000,xog,ZZZ,xog,xog,xog
714,Soga,Uganda,0x1000,xog-UG,ZZZ,xog,xog,xog
715,Somali,,0x0077,so,SOM,so,som,som
716,Somali,Djibouti,0x1000,so-DJ,ZZZ,so,som,som
717,Somali,Ethiopia,0x1000,so-ET,ZZZ,so,som,som
718,Somali,Kenya,0x1000,so-KE,ZZZ,so,som,som
719,Somali,Somalia,0x0477,so-SO,SOM,so,som,som
720,Sotho,,0x0030,st,SOT,st,sot,sot
721,Sotho,South Africa,0x0430,st-ZA,SOT,st,sot,sot
722,South Ndebele,,0x1000,nr,ZZZ,nr,nbl,nbl
723,South Ndebele,South Africa,0x1000,nr-ZA,ZZZ,nr,nbl,nbl
724,Southern Sotho,Lesotho,0x1000,st-LS,ZZZ,st,sot,sot
725,Spanish,,0x000A,es,ESP,es,spa,spa
726,Spanish,Argentina,0x2C0A,es-AR,ESS,es,spa,spa
727,Spanish,Belize,0x1000,es-BZ,ZZZ,es,spa,spa
728,Spanish,Bolivarian Republic of Venezuela,0x200A,es-VE,ESV,es,spa,spa
729,Spanish,Bolivia,0x400A,es-BO,ESB,es,spa,spa
730,Spanish,Brazil,0x1000,es-BR,ZZZ,es,spa,spa
731,Spanish,Chile,0x340A,es-CL,ESL,es,spa,spa
732,Spanish,Colombia,0x240A,es-CO,ESO,es,spa,spa
733,Spanish,Costa Rica,0x140A,es-CR,ESC,es,spa,spa
734,Spanish,Cuba,0x5c0A,es-CU,ESK,es,spa,spa
735,Spanish,Dominican Republic,0x1c0A,es-DO,ESD,es,spa,spa
736,Spanish,Ecuador,0x300A,es-EC,ESF,es,spa,spa
737,Spanish,El Salvador,0x440A,es-SV,ESE,es,spa,spa
738,Spanish,Equatorial Guinea,0x1000,es-GQ,ZZZ,es,spa,spa
739,Spanish,Guatemala,0x100A,es-GT,ESG,es,spa,spa
740,Spanish,Honduras,0x480A,es-HN,ESH,es,spa,spa
741,Spanish,Latin America,0x580A,es-419,ESJ,es,spa,spa
742,Spanish,Mexico,0x080A,es-MX,ESM,es,spa,spa
743,Spanish,Nicaragua,0x4C0A,es-NI,ESI,es,spa,spa
744,Spanish,Panama,0x180A,es-PA,ESA,es,spa,spa
745,Spanish,Paraguay,0x3C0A,es-PY,ESZ,es,spa,spa
746,Spanish,Peru,0x280A,es-PE,ESR,es,spa,spa
747,Spanish,Philippines,0x1000,es-PH,ZZZ,es,spa,spa
748,Spanish,Puerto Rico,0x500A,es-PR,ESU,es,spa,spa
749,Spanish,Spain,0x040A,es-ES_tradnl,ESP,es,spa,spa
750,Spanish,Spain,0x0c0A,es-ES,ESN,es,spa,spa
751,Spanish,United States,0x540A,es-US,EST,es,spa,spa
752,Spanish,Uruguay,0x380A,es-UY,ESY,es,spa,spa
753,Standard Moroccan Tamazight,,0x1000,zgh,ZHG,zgh,zgh,zgh
754,Standard Moroccan Tamazight,Morocco,0x1000,zgh-Tfng-MA,ZHG,zgh,zgh,zgh
755,Standard Moroccan Tamazight,Tifinagh,0x1000,zgh-Tfng,ZHG,zgh,zgh,zgh
756,Swati,,0x1000,ss,ZZZ,ss,ssw,ssw
757,Swati,South Africa,0x1000,ss-ZA,ZZZ,ss,ssw,ssw
758,Swati,Swaziland,0x1000,ss-SZ,ZZZ,ss,ssw,ssw
759,Swedish,,0x001D,sv,SVE,sv,swe,swe
760,Swedish,Åland Islands,0x1000,sv-AX,ZZZ,sv,swe,swe
761,Swedish,Finland,0x081D,sv-FI,SVF,sv,swe,swe
762,Swedish,Sweden,0x041D,sv-SE,SVE,sv,swe,swe
763,Syriac,,0x005A,syr,SYR,syr,syr,syr
764,Syriac,Syria,0x045A,syr-SY,SYR,syr,syr,syr
765,Tachelhit,,0x1000,shi,ZZZ,shi,shi,shi
766,Tachelhit,Tifinagh,0x1000,shi-Tfng,ZZZ,shi,shi,shi
767,Tachelhit,"Tifinagh, Morocco",0x1000,shi-Tfng-MA,ZZZ,shi,shi,shi
768,Tachelhit (Latin),,0x1000,shi-Latn,ZZZ,shi,shi,shi
769,Tachelhit (Latin),Morocco,0x1000,shi-Latn-MA,ZZZ,shi,shi,shi
770,Taita,,0x1000,dav,ZZZ,dav,dav,dav
771,Taita,Kenya,0x1000,dav-KE,ZZZ,dav,dav,dav
772,Tajik (Cyrillic),,0x0028,tg,TAJ,tg,tgk,tgk
773,Tajik (Cyrillic),,0x7C28,tg-Cyrl,TAJ,tg,tgk,tgk
774,Tajik (Cyrillic),Tajikistan,0x0428,tg-Cyrl-TJ,TAJ,tg,tgk,tgk
775,Tamazight (Latin),,0x005F,tzm,TZA,tzm,tzm,tzm
776,Tamazight (Latin),,0x7C5F,tzm-Latn,TZA,tzm,tzm,tzm
777,Tamazight (Latin),Algeria,0x085F,tzm-Latn-DZ,TZA,tzm,tzm,tzm
778,Tamil,,0x0049,ta,TAI,ta,tam,tam
779,Tamil,India,0x0449,ta-IN,TAI,ta,tam,tam
780,Tamil,Malaysia,0x1000,ta-MY,ZZZ,ta,tam,tam
781,Tamil,Singapore,0x1000,ta-SG,ZZZ,ta,tam,tam
782,Tamil,Sri Lanka,0x0849,ta-LK,TAM,ta,tam,tam
783,Tasawaq,,0x1000,twq,ZZZ,twq,twq,twq
784,Tasawaq,Niger,0x1000,twq-NE,ZZZ,twq,twq,twq
785,Tatar,,0x0044,tt,TTT,tt,tat,tat
786,Tatar,Russia,0x0444,tt-RU,TTT,tt,tat,tat
787,Telugu,,0x004A,te,TEL,te,tel,tel
788,Telugu,India,0x044A,te-IN,TEL,te,tel,tel
789,Teso,,0x1000,teo,ZZZ,teo,teo,teo
790,Teso,Kenya,0x1000,teo-KE,ZZZ,teo,teo,teo
791,Teso,Uganda,0x1000,teo-UG,ZZZ,teo,teo,teo
792,Thai,,0x001E,th,THA,th,tha,tha
793,Thai,Thailand,0x041E,th-TH,THA,th,tha,tha
794,Tibetan,,0x0051,bo,BOB,bo,bod,bod
795,Tibetan,India,0x1000,bo-IN,ZZZ,bo,bod,bod
796,Tibetan,People's Republic of China,0x0451,bo-CN,BOB,bo,bod,bod
797,Tigre,,0x1000,tig,ZZZ,tig,tig,tig
798,Tigre,Eritrea,0x1000,tig-ER,ZZZ,tig,tig,tig
799,Tigrinya,,0x0073,ti,TIR,ti,tir,tir
800,Tigrinya,Eritrea,0x0873,ti-ER,TIR,ti,tir,tir
801,Tigrinya,Ethiopia,0x0473,ti-ET,TIE,ti,tir,tir
802,Tongan,,0x1000,to,ZZZ,to,ton,ton
803,Tongan,Tonga,0x1000,to-TO,ZZZ,to,ton,ton
804,Tsonga,,0x0031,ts,TSO,ts,tso,tso
805,Tsonga,South Africa,0x0431,ts-ZA,TSO,ts,tso,tso
806,Turkish,,0x001F,tr,TRK,tr,tur,tur
807,Turkish,Cyprus,0x1000,tr-CY,ZZZ,tr,tur,tur
808,Turkish,Turkey,0x041F,tr-TR,TRK,tr,tur,tur
809,Turkmen,,0x0042,tk,TUK,tk,tuk,tuk
810,Turkmen,Turkmenistan,0x0442,tk-TM,TUK,tk,tuk,tuk
811,Ukrainian,,0x0022,uk,UKR,uk,ukr,ukr
812,Ukrainian,Ukraine,0x0422,uk-UA,UKR,uk,ukr,ukr
813,Upper Sorbian,,0x002E,hsb,HSB,hsb,hsb,hsb
814,Upper Sorbian,Germany,0x042E,hsb-DE,HSB,hsb,hsb,hsb
815,Urdu,,0x0020,ur,URD,ur,urd,urd
816,Urdu,India,0x0820,ur-IN,URI,ur,urd,urd
817,Urdu,Islamic Republic of Pakistan,0x0420,ur-PK,URD,ur,urd,urd
818,Uyghur,,0x0080,ug,UIG,ug,uig,uig
819,Uyghur,People's Republic of China,0x0480,ug-CN,UIG,ug,uig,uig
820,Uzbek,Perso-Arabic,0x1000,uz-Arab,ZZZ,uz,uzb,uzb
821,Uzbek,"Perso-Arabic, Afghanistan",0x1000,uz-Arab-AF,ZZZ,uz,uzb,uzb
822,Uzbek (Cyrillic),,0x7843,uz-Cyrl,UZC,uz,uzb,uzb
823,Uzbek (Cyrillic),Uzbekistan,0x0843,uz-Cyrl-UZ,UZC,uz,uzb,uzb
824,Uzbek (Latin),,0x0043,uz,UZB,uz,uzb,uzb
825,Uzbek (Latin),,0x7C43,uz-Latn,UZB,uz,uzb,uzb
826,Uzbek (Latin),Uzbekistan,0x0443,uz-Latn-UZ,UZB,uz,uzb,uzb
827,Vai,,0x1000,vai,ZZZ,vai,vai,vai
828,Vai,,0x1000,vai-Vaii,ZZZ,vai,vai,vai
829,Vai,Liberia,0x1000,vai-Vaii-LR,ZZZ,vai,vai,vai
830,Vai (Latin),Liberia,0x1000,vai-Latn-LR,ZZZ,vai,vai,vai
831,Vai (Latin),,0x1000,vai-Latn,ZZZ,vai,vai,vai
832,Valencian,Spain,0x0803,ca-ES-valencia,VAL,ca,cat,cat
833,Venda,,0x0033,ve,ZZZ,ve,ven,ven
834,Venda,South Africa,0x0433,ve-ZA,ZZZ,ve,ven,ven
835,Vietnamese,,0x002A,vi,VIT,vi,vie,vie
836,Vietnamese,Vietnam,0x042A,vi-VN,VIT,vi,vie,vie
837,Volapük,,0x1000,vo,ZZZ,vo,vol,vol
838,Volapük,World,0x1000,vo-001,ZZZ,vo,vol,vol
839,Vunjo,,0x1000,vun,ZZZ,vun,vun,vun
840,Vunjo,Tanzania,0x1000,vun-TZ,ZZZ,vun,vun,vun
841,Walser,,0x1000,wae,ZZZ,wae,wae,wae
842,Walser,Switzerland,0x1000,wae-CH,ZZZ,wae,wae,wae
843,Welsh,,0x0052,cy,CYM,cy,cym,cym
844,Welsh,United Kingdom,0x0452,cy-GB,CYM,cy,cym,cym
845,Wolaytta,,0x1000,wal,ZZZ,wal,wal,wal
846,Wolaytta,Ethiopia,0x1000,wal-ET,ZZZ,wal,wal,wal
847,Wolof,,0x0088,wo,WOL,wo,wol,wol
848,Wolof,Senegal,0x0488,wo-SN,WOL,wo,wol,wol
849,Xhosa,,0x0034,xh,XHO,xh,xho,xho
850,Xhosa,South Africa,0x0434,xh-ZA,XHO,xh,xho,xho
851,Yangben,,0x1000,yav,ZZZ,yav,yav,yav
852,Yangben,Cameroon,0x1000,yav-CM,ZZZ,yav,yav,yav
853,Yi,,0x0078,ii,III,ii,iii,iii
854,Yi,People's Republic of China,0x0478,ii-CN,III,ii,iii,iii
855,Yiddish,World,0x043D,yi-001,ZZZ,yi,yid,yid
856,Yoruba,,0x006A,yo,YOR,yo,yor,yor
857,Yoruba,Benin,0x1000,yo-BJ,ZZZ,yo,yor,yor
858,Yoruba,Nigeria,0x046A,yo-NG,YOR,yo,yor,yor
859,Zarma,,0x1000,dje,ZZZ,dje,dje,dje
860,Zarma,Niger,0x1000,dje-NE,ZZZ,dje,dje,dje
861,Zulu,,0x0035,zu,ZUL,zu,zul,zul
862,Zulu,South Africa,0x0435,zu-ZA,ZUL,zu,zul,zul
863,Chechen,,0x1000,ce,ZZZ,ce,che,che
864,Central Kurdish,,0x1000,ckb,ZZZ,ckb,ckb,ckb
865,Dogri,,0x1000,doi,ZZZ,doi,doi,doi
866,Northern Luri,,0x1000,lrc,ZZZ,lrc,lrc,lrc
867,Maithili,,0x1000,mai,ZZZ,mai,mai,mai
868,Manipuri,,0x0058,mni,ZZZ,mni,mni,mni
869,Mazanderani,,0x1000,mzn,ZZZ,mzn,mzn,mzn
870,Nigerian Pidgin,,0x1000,pcm,ZZZ,pcm,pcm,pcm
871,Quechua,,0x1000,qu,ZZZ,qu,que,que
872,Santali,,0x1000,sat,ZZZ,sat,sat,sat
873,Sundanese,,0x1000,su,ZZZ,su,sun,sun
874,Yiddish,,0x003D,yi,ZZZ,yi,yid,yid
875,Cantonese,,0x1000,yue,ZZZ,yue,yue,yue
876,Akan,,0x1000,ak,ZZZ,ak,aka,fat
877,Akan,,0x1000,ak,ZZZ,ak,aka,twi
878,Arabic,,0x0001,ar,ARA,ar,ara,aao
879,Arabic,,0x0001,ar,ARA,ar,ara,abh
880,Arabic,,0x0001,ar,ARA,ar,ara,abv
881,Arabic,,0x0001,ar,ARA,ar,ara,acm
882,Arabic,,0x0001,ar,ARA,ar,ara,acq
883,Arabic,,0x0001,ar,ARA,ar,ara,acw
884,Arabic,,0x0001,ar,ARA,ar,ara,acx
885,Arabic,,0x0001,ar,ARA,ar,ara,acy
886,Arabic,,0x0001,ar,ARA,ar,ara,adf
887,Arabic,,0x0001,ar,ARA,ar,ara,aeb
888,Arabic,,0x0001,ar,ARA,ar,ara,aec
889,Arabic,,0x0001,ar,ARA,ar,ara,afb
890,Arabic,,0x0001,ar,ARA,ar,ara,ajp
891,Arabic,,0x0001,ar,ARA,ar,ara,apc
892,Arabic,,0x0001,ar,ARA,ar,ara,apd
893,Arabic,,0x0001,ar,ARA,ar,ara,arb
894,Arabic,,0x0001,ar,ARA,ar,ara,arq
895,Arabic,,0x0001,ar,ARA,ar,ara,ars
896,Arabic,,0x0001,ar,ARA,ar,ara,ary
897,Arabic,,0x0001,ar,ARA,ar,ara,arz
898,Arabic,,0x0001,ar,ARA,ar,ara,auz
899,Arabic,,0x0001,ar,ARA,ar,ara,avl
900,Arabic,,0x0001,ar,ARA,ar,ara,ayh
901,Arabic,,0x0001,ar,ARA,ar,ara,ayl
902,Arabic,,0x0001,ar,ARA,ar,ara,ayn
903,Arabic,,0x0001,ar,ARA,ar,ara,ayp
904,Arabic,,0x0001,ar,ARA,ar,ara,bbz
905,Arabic,,0x0001,ar,ARA,ar,ara,pga
906,Arabic,,0x0001,ar,ARA,ar,ara,shu
907,Arabic,,0x0001,ar,ARA,ar,ara,ssh
908,Azerbaijani (Latin),,0x002C,az,AZE,az,aze,azb
909,Azerbaijani (Latin),,0x002C,az,AZE,az,aze,azj
910,Dogri,,0x1000,doi,ZZZ,doi,doi,dgo
911,Dogri,,0x1000,doi,ZZZ,doi,doi,xnr
912,Estonian,,0x0025,et,ETI,et,est,ekk
913,Estonian,,0x0025,et,ETI,et,est,vro
914,Persian,,0x0029,fa,FAR,fa,fas,pes
915,Fulah,,0x0067,ff,FUL,ff,ful,ffm
916,Fulah,,0x0067,ff,FUL,ff,ful,fub
917,Fulah,,0x0067,ff,FUL,ff,ful,fuc
918,Fulah,,0x0067,ff,FUL,ff,ful,fue
919,Fulah,,0x0067,ff,FUL,ff,ful,fuf
920,Fulah,,0x0067,ff,FUL,ff,ful,fuh
921,Fulah,,0x0067,ff,FUL,ff,ful,fui
922,Fulah,,0x0067,ff,FUL,ff,ful,fuq
923,Fulah,,0x0067,ff,FUL,ff,ful,fuv
924,Guarani,,0x0074,gn,GRN,gn,grn,gnw
925,Guarani,,0x0074,gn,GRN,gn,grn,gug
926,Guarani,,0x0074,gn,GRN,gn,grn,gui
927,Guarani,,0x0074,gn,GRN,gn,grn,gun
928,Guarani,,0x0074,gn,GRN,gn,grn,nhd
929,Inuktitut (Latin),,0x005D,iu,IUK,iu,iku,ike
930,Inuktitut (Latin),,0x005D,iu,IUK,iu,iku,ikt
931,Kanuri (Latin),Nigeria,0x0471,kr-Latn-NG,ZZZ,kr,kau,kby
932,Kanuri (Latin),Nigeria,0x0471,kr-Latn-NG,ZZZ,kr,kau,knc
933,Kanuri (Latin),Nigeria,0x0471,kr-Latn-NG,ZZZ,kr,kau,krt
934,Kalenjin,,0x1000,kln,ZZZ,kln,kln,enb
935,Kalenjin,,0x1000,kln,ZZZ,kln,kln,eyo
936,Kalenjin,,0x1000,kln,ZZZ,kln,kln,niq
937,Kalenjin,,0x1000,kln,ZZZ,kln,kln,oki
938,Kalenjin,,0x1000,kln,ZZZ,kln,kln,pko
939,Kalenjin,,0x1000,kln,ZZZ,kln,kln,sgc
940,Kalenjin,,0x1000,kln,ZZZ,kln,kln,spy
941,Kalenjin,,0x1000,kln,ZZZ,kln,kln,tec
942,Kalenjin,,0x1000,kln,ZZZ,kln,kln,tuy
943,Konkani,,0x0057,kok,KNK,kok,kok,gom
944,Konkani,,0x0057,kok,KNK,kok,kok,knn
945,Central Kurdish,,0x0092,ku,KUR,ku,kur,kmr
946,Central Kurdish,,0x0092,ku,KUR,ku,kur,sdh
947,Latvian,,0x0026,lv,LVI,lv,lav,ltg
948,Latvian,,0x0026,lv,LVI,lv,lav,lvs
949,Luyia,,0x1000,luy,ZZZ,luy,luy,bxk
950,Luyia,,0x1000,luy,ZZZ,luy,luy,ida
951,Luyia,,0x1000,luy,ZZZ,luy,luy,lkb
952,Luyia,,0x1000,luy,ZZZ,luy,luy,lko
953,Luyia,,0x1000,luy,ZZZ,luy,luy,lks
954,Luyia,,0x1000,luy,ZZZ,luy,luy,lri
955,Luyia,,0x1000,luy,ZZZ,luy,luy,lrm
956,Luyia,,0x1000,luy,ZZZ,luy,luy,lsm
957,Luyia,,0x1000,luy,ZZZ,luy,luy,lto
958,Luyia,,0x1000,luy,ZZZ,luy,luy,lts
959,Luyia,,0x1000,luy,ZZZ,luy,luy,lwg
960,Luyia,,0x1000,luy,ZZZ,luy,luy,nle
961,Luyia,,0x1000,luy,ZZZ,luy,luy,nyd
962,Luyia,,0x1000,luy,ZZZ,luy,luy,rag
963,Malagasy,,0x1000,mg,MLG,mg,mlg,bhr
964,Malagasy,,0x1000,mg,MLG,mg,mlg,bjq
965,Malagasy,,0x1000,mg,MLG,mg,mlg,bmm
966,Malagasy,,0x1000,mg,MLG,mg,mlg,bzc
967,Malagasy,,0x1000,mg,MLG,mg,mlg,msh
968,Malagasy,,0x1000,mg,MLG,mg,mlg,plt
969,Malagasy,,0x1000,mg,MLG,mg,mlg,skg
970,Malagasy,,0x1000,mg,MLG,mg,mlg,tdx
971,Malagasy,,0x1000,mg,MLG,mg,mlg,tkg
972,Malagasy,,0x1000,mg,MLG,mg,mlg,txy
973,Malagasy,,0x1000,mg,MLG,mg,mlg,xmv
974,Malagasy,,0x1000,mg,MLG,mg,mlg,xmw
975,Mongolian (Cyrillic),,0x0050,mn,MON,mn,mon,khk
976,Mongolian (Cyrillic),,0x0050,mn,MON,mn,mon,mvf
977,Malay,,0x003E,ms,MSL,ms,msa,bjn
978,Malay,,0x003E,ms,MSL,ms,msa,btj
979,Malay,,0x003E,ms,MSL,ms,msa,bve
980,Malay,,0x003E,ms,MSL,ms,msa,bvu
981,Malay,,0x003E,ms,MSL,ms,msa,coa
982,Malay,,0x003E,ms,MSL,ms,msa,dup
983,Malay,,0x003E,ms,MSL,ms,msa,hji
984,Malay,,0x003E,ms,MSL,ms,msa,jak
985,Malay,,0x003E,ms,MSL,ms,msa,jax
986,Malay,,0x003E,ms,MSL,ms,msa,kvb
987,Malay,,0x003E,ms,MSL,ms,msa,kvr
988,Malay,,0x003E,ms,MSL,ms,msa,kxd
989,Malay,,0x003E,ms,MSL,ms,msa,lce
990,Malay,,0x003E,ms,MSL,ms,msa,lcf
991,Malay,,0x003E,ms,MSL,ms,msa,liw
992,Malay,,0x003E,ms,MSL,ms,msa,max
993,Malay,,0x003E,ms,MSL,ms,msa,meo
994,Malay,,0x003E,ms,MSL,ms,msa,mfa
995,Malay,,0x003E,ms,MSL,ms,msa,mfb
996,Malay,,0x003E,ms,MSL,ms,msa,min
997,Malay,,0x003E,ms,MSL,ms,msa,mly
998,Malay,,0x003E,ms,MSL,ms,msa,mqg
999,Malay,,0x003E,ms,MSL,ms,msa,msi
1000,Malay,,0x003E,ms,MSL,ms,msa,mui
1001,Malay,,0x003E,ms,MSL,ms,msa,orn
1002,Malay,,0x003E,ms,MSL,ms,msa,ors
1003,Malay,,0x003E,ms,MSL,ms,msa,pel
1004,Malay,,0x003E,ms,MSL,ms,msa,pse
1005,Malay,,0x003E,ms,MSL,ms,msa,tmw
1006,Malay,,0x003E,ms,MSL,ms,msa,urk
1007,Malay,,0x003E,ms,MSL,ms,msa,vkk
1008,Malay,,0x003E,ms,MSL,ms,msa,vkt
1009,Malay,,0x003E,ms,MSL,ms,msa,xmm
1010,Malay,,0x003E,ms,MSL,ms,msa,zlm
1011,Malay,,0x003E,ms,MSL,ms,msa,zmi
1012,Malay,,0x003E,ms,MSL,ms,msa,zsm
1013,Nepali,,0x0061,ne,NEP,ne,nep,dty
1014,Nepali,,0x0061,ne,NEP,ne,nep,npi
1015,Odia,,0x0048,or,ORI,or,ori,ory
1016,Odia,,0x0048,or,ORI,or,ori,spv
1017,Oromo,,0x0072,om,ORM,om,orm,gax
1018,Oromo,,0x0072,om,ORM,om,orm,gaz
1019,Oromo,,0x0072,om,ORM,om,orm,hae
1020,Oromo,,0x0072,om,ORM,om,orm,orc
1021,Pashto,,0x0063,ps,PAS,ps,pus,pbt
1022,Pashto,,0x0063,ps,PAS,ps,pus,pbu
1023,Pashto,,0x0063,ps,PAS,ps,pus,pst
1024,Quechua,,0x1000,qu,ZZZ,qu,que,cqu
1025,Quechua,,0x1000,qu,ZZZ,qu,que,qub
1026,Quechua,,0x1000,qu,ZZZ,qu,que,qud
1027,Quechua,,0x1000,qu,ZZZ,qu,que,quf
1028,Quechua,,0x1000,qu,ZZZ,qu,que,qug
1029,Quechua,,0x1000,qu,ZZZ,qu,que,quh
1030,Quechua,,0x1000,qu,ZZZ,qu,que,quk
1031,Quechua,,0x1000,qu,ZZZ,qu,que,qul
1032,Quechua,,0x1000,qu,ZZZ,qu,que,qup
1033,Quechua,,0x1000,qu,ZZZ,qu,que,qur
1034,Quechua,,0x1000,qu,ZZZ,qu,que,qus
1035,Quechua,,0x1000,qu,ZZZ,qu,que,quw
1036,Quechua,,0x1000,qu,ZZZ,qu,que,qux
1037,Quechua,,0x1000,qu,ZZZ,qu,que,quy
1038,Quechua,,0x1000,qu,ZZZ,qu,que,qva
1039,Quechua,,0x1000,qu,ZZZ,qu,que,qvc
1040,Quechua,,0x1000,qu,ZZZ,qu,que,qve
1041,Quechua,,0x1000,qu,ZZZ,qu,que,qvh
1042,Quechua,,0x1000,qu,ZZZ,qu,que,qvi
1043,Quechua,,0x1000,qu,ZZZ,qu,que,qvj
1044,Quechua,,0x1000,qu,ZZZ,qu,que,qvl
1045,Quechua,,0x1000,qu,ZZZ,qu,que,qvm
1046,Quechua,,0x1000,qu,ZZZ,qu,que,qvn
1047,Quechua,,0x1000,qu,ZZZ,qu,que,qvo
1048,Quechua,,0x1000,qu,ZZZ,qu,que,qvp
1049,Quechua,,0x1000,qu,ZZZ,qu,que,qvs
1050,Quechua,,0x1000,qu,ZZZ,qu,que,qvw
1051,Quechua,,0x1000,qu,ZZZ,qu,que,qvz
1052,Quechua,,0x1000,qu,ZZZ,qu,que,qwa
1053,Quechua,,0x1000,qu,ZZZ,qu,que,qwc
1054,Quechua,,0x1000,qu,ZZZ,qu,que,qwh
1055,Quechua,,0x1000,qu,ZZZ,qu,que,qws
1056,Quechua,,0x1000,qu,ZZZ,qu,que,qxa
1057,Quechua,,0x1000,qu,ZZZ,qu,que,qxc
1058,Quechua,,0x1000,qu,ZZZ,qu,que,qxh
1059,Quechua,,0x1000,qu,ZZZ,qu,que,qxl
1060,Quechua,,0x1000,qu,ZZZ,qu,que,qxn
1061,Quechua,,0x1000,qu,ZZZ,qu,que,qxo
1062,Quechua,,0x1000,qu,ZZZ,qu,que,qxp
1063,Quechua,,0x1000,qu,ZZZ,qu,que,qxr
1064,Quechua,,0x1000,qu,ZZZ,qu,que,qxt
1065,Quechua,,0x1000,qu,ZZZ,qu,que,qxu
1066,Quechua,,0x1000,qu,ZZZ,qu,que,qxw
1067,Rajasthani,,0x1000,raj,ZZZ,raj,raj,bgq
1068,Rajasthani,,0x1000,raj,ZZZ,raj,raj,gda
1069,Rajasthani,,0x1000,raj,ZZZ,raj,raj,gju
1070,Rajasthani,,0x1000,raj,ZZZ,raj,raj,hoj
1071,Rajasthani,,0x1000,raj,ZZZ,raj,raj,mup
1072,Rajasthani,,0x1000,raj,ZZZ,raj,raj,wbr
1073,Sanskrit,,0x004F,sa,SAN,sa,san,cls
1074,Sanskrit,,0x004F,sa,SAN,sa,san,vsn
1075,Albanian,,0x001C,sq,SQI,sq,sqi,aae
1076,Albanian,,0x001C,sq,SQI,sq,sqi,aat
1077,Albanian,,0x001C,sq,SQI,sq,sqi,aln
1078,Albanian,,0x001C,sq,SQI,sq,sqi,als
1079,Sardinian,,0x1000,sc,ZZZ,sc,srd,sdc
1080,Sardinian,,0x1000,sc,ZZZ,sc,srd,sdn
1081,Sardinian,,0x1000,sc,ZZZ,sc,srd,src
1082,Sardinian,,0x1000,sc,ZZZ,sc,srd,sro
1083,Kiswahili,,0x0041,sw,SWK,sw,swa,swh
1084,Syriac,,0x005A,syr,SYR,syr,syr,aii
1085,Syriac,,0x005A,syr,SYR,syr,syr,cld
1086,Uzbek (Latin),,0x0043,uz,UZB,uz,uzb,uzn
1087,Uzbek (Latin),,0x0043,uz,UZB,uz,uzb,uzs
1088,Yiddish,,0x003D,yi,ZZZ,yi,yid,ydd
1089,Yiddish,,0x003D,yi,ZZZ,yi,yid,yih
1090,Chinese (Simplified),,0x7804,zh,CHS,zh,zho,cdo
1091,Chinese (Simplified),,0x7804,zh,CHS,zh,zho,cjy
1092,Chinese (Simplified),,0x7804,zh,CHS,zh,zho,cmn
1093,Chinese (Simplified),,0x7804,zh,CHS,zh,zho,cnp
1094,Chinese (Simplified),,0x7804,zh,CHS,zh,zho,cpx
1095,Chinese (Simplified),,0x7804,zh,CHS,zh,zho,csp
1096,Chinese (Simplified),,0x7804,zh,CHS,zh,zho,czh
1097,Chinese (Simplified),,0x7804,zh,CHS,zh,zho,czo
1098,Chinese (Simplified),,0x7804,zh,CHS,zh,zho,gan
1099,Chinese (Simplified),,0x7804,zh,CHS,zh,zho,hak
1100,Chinese (Simplified),,0x7804,zh,CHS,zh,zho,hnm
1101,Chinese (Simplified),,0x7804,zh,CHS,zh,zho,hsn
1102,Chinese (Simplified),,0x7804,zh,CHS,zh,zho,luh
1103,Chinese (Simplified),,0x7804,zh,CHS,zh,zho,lzh
1104,Chinese (Simplified),,0x7804,zh,CHS,zh,zho,mnp
1105,Chinese (Simplified),,0x7804,zh,CHS,zh,zho,nan
1106,Chinese (Simplified),,0x7804,zh,CHS,zh,zho,sjc
1107,Chinese (Simplified),,0x7804,zh,CHS,zh,zho,wuu
